{"input_shapes": [[5]], "input_data": [[0.8455949425697327, 0.30773937702178955, 0.25351858139038086, 0.39010000228881836, 0.6881457567214966]], "output_data": [[0.18309275805950165], [0.2474571317434311]]}